species_id,species_name,common_name,category,i6,i5,i1,i2,i3,i4,s1,s2,s3,s4,s5,s6,species_info,photo_hlink
w1,Acacia saligna,Golden Wreath Wattle,wildflower,y,y,y,y,y,y,n,n,n,y,y,y,"Dense, weeping shrub or tree to 6m. Floriferous yellow flowers Jul-Nov.",https://uniwa-my.sharepoint.com/personal/23221449_student_uwa_edu_au/Documents/CITS1501%20Project/Species%20data/Species%20Photos/Acacia%20saligna.jpg
w2,Acacia sessilis,,wildflower,y,y,y,y,n,n,n,n,n,y,y,y,Diffuse spiny shrub to 0.3-1m. New shoots minutely woolly. Masses of yellow flowers Jul-Oct.,https://uniwa-my.sharepoint.com/personal/23221449_student_uwa_edu_au/Documents/CITS1501%20Project/Species%20data/Species%20Photos/Acacia%20sessilis.jpg
w3,Acacia spathulifolia,,wildflower,y,n,n,n,n,n,n,n,n,y,y,y,"Dense, spreading shrub to 0.5-3m. Masses of ball-shaped yellow flowers Jun-Oct.",https://uniwa-my.sharepoint.com/personal/23221449_student_uwa_edu_au/Documents/CITS1501%20Project/Species%20data/Species%20Photos/Acacia%20spathulifolia.jpg
w4,Acacia willdenowiana,Grass Wattle,wildflower,y,y,y,y,y,y,n,n,n,y,y,n,Erect or scrambling shrub to 60cm. Cream to white flowers Jun-Sep.,https://uniwa-my.sharepoint.com/personal/23221449_student_uwa_edu_au/Documents/CITS1501%20Project/Species%20data/Species%20Photos/Acacia%20willdenowiana.jpg
w5,Adenanthos cuneatus,Coastal Jugflower,wildflower,n,n,n,n,y,y,y,n,n,n,y,y,Beautiful red tinged leaved spreading groundcover to 30cm x 2m. Red-pink flowers Sep-Dec.,https://uniwa-my.sharepoint.com/personal/23221449_student_uwa_edu_au/Documents/CITS1501%20Project/Species%20data/Species%20Photos/Adenanthos%20cuneatus.jpg
w6,Adenanthos linearis,,wildflower,n,n,n,n,n,y,y,y,n,n,n,n,Prostrate spreading shrub to 60cm. Unique white and red flowers Jan-Mar.,https://uniwa-my.sharepoint.com/personal/23221449_student_uwa_edu_au/Documents/CITS1501%20Project/Species%20data/Species%20Photos/Adenanthos%20linearis.jpg
w7,Adenanthos pungens subsp. effusus,,wildflower,n,n,n,n,n,y,n,n,n,n,y,y,Low spreading spiky shrub to 0.5m x 2m. Attractive pink flowers Aug-Oct.,https://uniwa-my.sharepoint.com/personal/23221449_student_uwa_edu_au/Documents/CITS1501%20Project/Species%20data/Species%20Photos/Adenanthos%20pungens.jpg
w8,Allocasuarina campestris,,wildflower,y,y,y,y,n,y,n,n,n,n,y,y,Upright shrub to 3m. Dense green pine-like foliage with female plants having red flowers Aug-Nov.,https://uniwa-my.sharepoint.com/personal/23221449_student_uwa_edu_au/Documents/CITS1501%20Project/Species%20data/Species%20Photos/Allocasuarina%20campestris.jpg
w9,Allocasuarina fraseriana,Western Sheoak,wildflower,y,y,y,y,y,y,n,n,y,y,y,y,Slow growing upright tree to 5-15m. Small brown flowers May-Oct.,https://uniwa-my.sharepoint.com/personal/23221449_student_uwa_edu_au/Documents/CITS1501%20Project/Species%20data/Species%20Photos/Allocasuarina%20fraseriana.jpg
w10,Allocasuarina humilis,Dwarf Sheoak,wildflower,y,y,y,y,y,y,n,n,y,y,y,y,Local spreading shrub to 1.2m. Spikes of red flowers along stem May-Nov.,https://uniwa-my.sharepoint.com/personal/23221449_student_uwa_edu_au/Documents/CITS1501%20Project/Species%20data/Species%20Photos/Allocasuarina%20humilis.jpg
w11,Anigozanthos flavidus,Tall Kangaroo Paw,wildflower,n,y,n,y,y,y,y,n,n,n,n,y,Upright strappy clumping plant to <2m. Red flowers Nov-Jan.,https://uniwa-my.sharepoint.com/personal/23221449_student_uwa_edu_au/Documents/CITS1501%20Project/Species%20data/Species%20Photos/Anigozanthos%20flavidus.jpg
w12,Astartea glomerulosa,Early Astartea,wildflower,n,n,n,n,n,y,y,n,n,n,n,y,Erect compact shrub to 1m. Masses of small white/pink flowers Oct-Dec.,https://uniwa-my.sharepoint.com/personal/23221449_student_uwa_edu_au/Documents/CITS1501%20Project/Species%20data/Species%20Photos/Astartea%20glomerulosa.jpg
w13,Astartea scoparia,Common Astartea,wildflower,y,y,n,y,y,y,y,n,n,n,n,y,Erect open shrub to 1.8m. Masses of small white flowers Nov-Jan.,https://uniwa-my.sharepoint.com/personal/23221449_student_uwa_edu_au/Documents/CITS1501%20Project/Species%20data/Species%20Photos/Astartea%20scoparia.jpg
w14,Astus tetragonus,,wildflower,n,n,n,n,n,y,n,n,n,y,y,y,Slender erect/spreading shrub to 2m. Masses of white/pink flowers Jul-Nov.,https://uniwa-my.sharepoint.com/personal/23221449_student_uwa_edu_au/Documents/CITS1501%20Project/Species%20data/Species%20Photos/Astus%20tetragonus.jpg
w15,Austrobaeckea pygmaea,,wildflower,n,n,n,n,n,y,y,y,n,n,n,y,Open spreading shrub to 50cm. White/ white-pink flowers Oct-Mar.,https://uniwa-my.sharepoint.com/personal/23221449_student_uwa_edu_au/Documents/CITS1501%20Project/Species%20data/Species%20Photos/Austrobaeckea%20pygmaea.jpg
w16,Austrostipa flavescens,Coast Spear-grass,wildflower,y,y,n,y,y,y,n,n,n,n,y,y,Attractive tufted perennial grass with flowering stems to 1.2m.,https://uniwa-my.sharepoint.com/personal/23221449_student_uwa_edu_au/Documents/CITS1501%20Project/Species%20data/Species%20Photos/Austrostipa%20flavescens.jpg
w17,Babingtonia grandiflora,Large-flowered Babingtonia,wildflower,y,n,n,n,n,n,y,n,n,n,y,y,Spreading open shrub to 1.2m. Sprays of white-pink flowers Aug-Dec.,https://uniwa-my.sharepoint.com/personal/23221449_student_uwa_edu_au/Documents/CITS1501%20Project/Species%20data/Species%20Photos/Babingtonia%20grandiflora.jpg
w18,Banksia attenuata,Coast Banksia,wildflower,y,y,y,y,y,y,y,y,n,n,n,y,Small slender tree to 5m. Spikes of yellow flower heads Oct-Feb.,https://uniwa-my.sharepoint.com/personal/23221449_student_uwa_edu_au/Documents/CITS1501%20Project/Species%20data/Species%20Photos/Banksia%20attenuata.jpg
w19,Banksia littoralis,Swamp Banksia,wildflower,y,y,y,y,y,y,n,y,y,y,y,n,Attractive tree to 1.5-12m. Yellow/orange flowers Mar-Aug.,https://uniwa-my.sharepoint.com/personal/23221449_student_uwa_edu_au/Documents/CITS1501%20Project/Species%20data/Species%20Photos/Banksia%20littoralis.jpg
w20,Banksia media,Golden Stalk Banksia,wildflower,n,n,n,n,n,y,n,y,y,y,y,n,Attractive shrub to 1.5m. Large cylindrical yellow-orange/brown flowers Mar-Aug.,https://uniwa-my.sharepoint.com/personal/23221449_student_uwa_edu_au/Documents/CITS1501%20Project/Species%20data/Species%20Photos/Banksia%20media.jpg
w21,Banksia menziesii,Firewood Banksia,wildflower,y,y,y,y,y,n,n,y,y,y,y,y,Ornamental slow-growing tree to 7m. Large red (rarely yellow) terminal flowers Feb-Oct.,https://uniwa-my.sharepoint.com/personal/23221449_student_uwa_edu_au/Documents/CITS1501%20Project/Species%20data/Species%20Photos/Banksia%20menziesii.jpg
w22,Banksia praemorsa,Cut-leaf Banksia,wildflower,y,y,n,y,y,y,n,n,n,y,y,y,Attractive tree-like shrub to 4m. Large green-yellow/red flowers Jul-Oct.,https://uniwa-my.sharepoint.com/personal/23221449_student_uwa_edu_au/Documents/CITS1501%20Project/Species%20data/Species%20Photos/Banksia%20praemorsa.jpg
w23,Banksia speciosa,Showy Banksia,wildflower,n,n,n,n,n,y,y,n,n,n,y,y,An imposing and showy shrub to 3m. Yellow/cream terminal flowers Sep-Jan.,https://uniwa-my.sharepoint.com/personal/23221449_student_uwa_edu_au/Documents/CITS1501%20Project/Species%20data/Species%20Photos/Banksia%20speciosa.jpg
w24,Beaufortia micrantha,Little Bottlebrush,wildflower,n,n,y,y,n,y,y,y,n,n,y,y,Colourful shrub to 1m. Masses of purple-pink flowers Sep-Feb.,https://uniwa-my.sharepoint.com/personal/23221449_student_uwa_edu_au/Documents/CITS1501%20Project/Species%20data/Species%20Photos/Beaufortia%20micrantha.jpg
w25,Beaufortia sparsa,Swamp Bottlebrush,wildflower,n,n,n,n,y,y,y,y,y,n,y,y,"Erect or spreading evergreen shrub to 1-3m. Bright orange to red flowers mainly in summer, extending into autumn.",https://uniwa-my.sharepoint.com/personal/23221449_student_uwa_edu_au/Documents/CITS1501%20Project/Species%20data/Species%20Photos/Beaufortia%20sparsa.jpg
w26,Beaufortia squarrosa,Sand Bottlebrush,wildflower,y,y,y,y,y,n,y,y,y,n,y,y,Open shrub to 1.5m. Attractive orange flowers Aug-May.,https://uniwa-my.sharepoint.com/personal/23221449_student_uwa_edu_au/Documents/CITS1501%20Project/Species%20data/Species%20Photos/Beaufortia%20squarrosa.jpg
w27,Billardiera drummondii,,wildflower,n,n,n,n,n,y,y,n,n,n,n,n,Slender twining climber to 4m. Pendulous blue/purple flowers Jan.,https://uniwa-my.sharepoint.com/personal/23221449_student_uwa_edu_au/Documents/CITS1501%20Project/Species%20data/Species%20Photos/Billardiera%20drummondii.jpg
w28,Billardiera heterophylla,Bluebell Creeper,wildflower,y,y,y,y,y,y,y,n,n,n,n,y,Twining climber with support or along fence to 4m. Pendulous blue flowers Oct-Jan.,https://uniwa-my.sharepoint.com/personal/23221449_student_uwa_edu_au/Documents/CITS1501%20Project/Species%20data/Species%20Photos/Billardiera%20heterophylla.jpg
w29,Billardiera lehmanniana,,wildflower,n,n,y,y,n,y,y,n,n,n,y,y,Colourful spreading climber to 1.2m or shrub to 60cm. Masses of white flowers Aug-Dec.,https://uniwa-my.sharepoint.com/personal/23221449_student_uwa_edu_au/Documents/CITS1501%20Project/Species%20data/Species%20Photos/Billardiera%20lehmanniana.jpg
w30,Billardiera variifolia,,wildflower,y,y,y,y,y,y,n,n,y,y,y,n,Twining shrubby climber to 10cm x 2.5m. Sprays of large blue pendant flowers May-Sept.,https://uniwa-my.sharepoint.com/personal/23221449_student_uwa_edu_au/Documents/CITS1501%20Project/Species%20data/Species%20Photos/Billardiera%20variifolia.jpg
w31,Calothamnus gilesii,,wildflower,y,n,y,n,n,n,y,n,n,n,y,y,Upright narrow shrub to 3m. Bright red flowers Aug-Jan.,https://uniwa-my.sharepoint.com/personal/23221449_student_uwa_edu_au/Documents/CITS1501%20Project/Species%20data/Species%20Photos/Calothamnus%20gilesii.jpg
w32,Calothamnus gracilis,,wildflower,n,n,y,n,n,y,y,n,n,n,y,y,Attractive spreading shrub to 1.5m x 1.5m. Large red flowers Sep-Dec or sporadically year round.,https://uniwa-my.sharepoint.com/personal/23221449_student_uwa_edu_au/Documents/CITS1501%20Project/Species%20data/Species%20Photos/Calothamnus%20gracilis.jpg
w33,Calothamnus pinifolius,Dense Clawflower,wildflower,n,n,n,n,n,y,y,n,n,y,y,y,Interesting much-branched erect shrub to 1.2m. Dense red flowers Jul-Jan.,https://uniwa-my.sharepoint.com/personal/23221449_student_uwa_edu_au/Documents/CITS1501%20Project/Species%20data/Species%20Photos/Calothamnus%20pinifolius.jpg
w34,Calothamnus quadrifidus subsp. homalophyllus,,wildflower,y,n,n,n,n,n,y,n,n,y,y,y,Attractive upright shrub with pine-like foliage to <5m. Showy red flowers Jun-Dec.,https://uniwa-my.sharepoint.com/personal/23221449_student_uwa_edu_au/Documents/CITS1501%20Project/Species%20data/Species%20Photos/Calothamnus%20quadrifidus.jpg
w35,Calothamnus robustus,,wildflower,n,n,n,n,n,y,n,n,n,n,y,y,Erect compact shrub to 1.5m. Attractive red claw-flowers Sep-Nov.,https://uniwa-my.sharepoint.com/personal/23221449_student_uwa_edu_au/Documents/CITS1501%20Project/Species%20data/Species%20Photos/Calothamnus%20robustus.jpg
w36,Calothamnus villosus,Hairy Calothamnus,wildflower,n,n,n,n,n,y,y,y,y,y,y,y,Spreading shrub with hairy foliage to 1m. Red flowers Mar-Dec.,https://uniwa-my.sharepoint.com/personal/23221449_student_uwa_edu_au/Documents/CITS1501%20Project/Species%20data/Species%20Photos/Calothamnus%20villosus.jpg
w37,Calytrix acutifolia,,wildflower,y,y,n,y,n,n,n,n,n,n,y,y,Slender open-branched shrub to 2m. Masses of white star-like flowers Sep-Nov.,https://uniwa-my.sharepoint.com/personal/23221449_student_uwa_edu_au/Documents/CITS1501%20Project/Species%20data/Species%20Photos/Calytrix%20acutifolia.jpg
w38,Calytrix tetragona,Common Fringe-myrtle,wildflower,n,n,y,y,n,y,n,n,n,n,y,y,Narrow upright shrub to 1.2m. Abundant white star flowers Aug-Oct.,https://uniwa-my.sharepoint.com/personal/23221449_student_uwa_edu_au/Documents/CITS1501%20Project/Species%20data/Species%20Photos/Calytrix%20tetragona.jpg
w39,Centella asiatica,Asiatic Pennywort,wildflower,y,y,n,y,y,y,y,y,y,n,n,y,Creeping perennial herb with large green leaves to 40cm. Very small pink/purple/white flowers Nov-Apr.,https://uniwa-my.sharepoint.com/personal/23221449_student_uwa_edu_au/Documents/CITS1501%20Project/Species%20data/Species%20Photos/Centella%20asiatica.jpg
w40,Chamelaucium ciliatum,,wildflower,n,n,y,n,n,y,n,n,n,n,y,y,Attractive small shrub to 0.3-1m. Profuse white/pink flowers Aug-Oct.,https://uniwa-my.sharepoint.com/personal/23221449_student_uwa_edu_au/Documents/CITS1501%20Project/Species%20data/Species%20Photos/Chamelaucium%20ciliatum.jpg
w41,Chamelaucium uncinatum,Geraldton Wax,wildflower,y,y,y,y,y,n,y,n,n,n,n,y,Compact rounded shrub to 60cm. Attractive pink flowers Oct-Dec.,https://uniwa-my.sharepoint.com/personal/23221449_student_uwa_edu_au/Documents/CITS1501%20Project/Species%20data/Species%20Photos/Chamelaucium%20uncinatum.jpg
w42,Chorizema varium,Bush Flame Pea,wildflower,y,n,n,n,n,n,n,n,n,y,y,y,"Bright spreading shrub to 40cm. Orange, yellow, red/pink, pea flowers Jul-Oct.",https://uniwa-my.sharepoint.com/personal/23221449_student_uwa_edu_au/Documents/CITS1501%20Project/Species%20data/Species%20Photos/Chorizema%20varium.jpg
w43,Clematis linearifolia,Small Leaf Clematis,wildflower,y,y,n,y,y,y,n,n,n,y,y,y,Floriferous climber to 5m. Large white/cream flowers Jul-Oct then silky feathery awns.,https://uniwa-my.sharepoint.com/personal/23221449_student_uwa_edu_au/Documents/CITS1501%20Project/Species%20data/Species%20Photos/Clematis%20linearifolia.jpg
w44,Commersonia corylifolia,,wildflower,n,n,n,n,y,y,y,n,n,n,n,y,Small shrub to 1m. Cream/white flowers Oct-Dec with interesting buds/fruit.,https://uniwa-my.sharepoint.com/personal/23221449_student_uwa_edu_au/Documents/CITS1501%20Project/Species%20data/Species%20Photos/Commersonia%20corylifolia.jpg
w45,Boronia ramosa var. anethifolius,,wildflower,y,y,y,y,y,y,n,n,y,y,y,y,Slender woody shrub to about 0.3m. Small blue flowers from May - Oct,https://uniwa-my.sharepoint.com/personal/23221449_student_uwa_edu_au/Documents/CITS1501%20Project/Species%20data/Species%20Photos/Boronia%20ramosa%20var.%20anethifolius.jpg
w46,Dampiera teres,,wildflower,y,y,n,n,n,n,n,n,n,n,y,y,Colourful erect perennial to 60cm. Stunning blue flowers Aug-Nov.,https://uniwa-my.sharepoint.com/personal/23221449_student_uwa_edu_au/Documents/CITS1501%20Project/Species%20data/Species%20Photos/Dampiera%20teres.jpg
w47,Disphyma crassifolium subsp. clavellatum,Rounded Noon-flower,wildflower,n,y,n,n,n,y,y,y,n,n,y,y,Succulent groundcover to 20cm x 1m. Pink/purple flowers Aug-Feb.,https://uniwa-my.sharepoint.com/personal/23221449_student_uwa_edu_au/Documents/CITS1501%20Project/Species%20data/Species%20Photos/Disphyma%20crassifolium%20subsp.%20clavellatum.jpg
w48,Dodonaea adenophora,,wildflower,n,y,y,y,n,n,n,n,n,n,y,y,Floriferous erect to spreading shrub to 2m. Masses of red lantern like flowers Aug-Oct.,https://uniwa-my.sharepoint.com/personal/23221449_student_uwa_edu_au/Documents/CITS1501%20Project/Species%20data/Species%20Photos/Dodonaea%20adenophora.jpg
w49,Dodonaea hackettiana,Hacket's Hopbush,wildflower,y,y,n,y,n,n,n,n,n,y,y,y,Shrub to 2-3m. Green flowers Jul-Oct.,https://uniwa-my.sharepoint.com/personal/23221449_student_uwa_edu_au/Documents/CITS1501%20Project/Species%20data/Species%20Photos/Dodonaea%20hackettiana.jpg
w50,Dodonaea inaequifolia,,wildflower,y,n,y,n,n,n,n,n,n,n,y,y,Erect fine-leaved shrub to <5m. Masses of conspicuous red flowers late Aug-Oct.,https://uniwa-my.sharepoint.com/personal/23221449_student_uwa_edu_au/Documents/CITS1501%20Project/Species%20data/Species%20Photos/Dodonaea%20inaequifolia.jpg
w51,Eremaea asterocarpa subsp. asterocarpa,,wildflower,y,y,n,y,n,n,n,n,n,n,y,y,Attractive compact shrub to 1m. Prolific orange flowers Aug-Oct.,https://uniwa-my.sharepoint.com/personal/23221449_student_uwa_edu_au/Documents/CITS1501%20Project/Species%20data/Species%20Photos/Eremaea%20asterocarpa%20subsp.%20asterocarpa.jpg
w52,Eremaea ectadioclada,,wildflower,y,n,n,n,n,n,n,n,n,n,y,y,Attractive erect to spreading shrub to 80cm. Prolific orange flowers Sep-Nov.,https://uniwa-my.sharepoint.com/personal/23221449_student_uwa_edu_au/Documents/CITS1501%20Project/Species%20data/Species%20Photos/Eremaea%20ectadioclada.jpg
w53,Eremophila calorhabdos,Red Rod,wildflower,n,n,y,n,n,n,y,n,n,n,n,y,Erect spindly shrub to 1-2m. Attractive red/pink-purple/red flowers Oct-Dec.,https://uniwa-my.sharepoint.com/personal/23221449_student_uwa_edu_au/Documents/CITS1501%20Project/Species%20data/Species%20Photos/Eremophila%20calorhabdos.jpg
w54,Eremophila drummondii,Drummond's Eremophila,wildflower,y,n,y,n,n,n,n,n,n,y,y,y,Highly floriferous erect shrub to 2m. Attractive blue-purple flowers Jul-Nov.,https://uniwa-my.sharepoint.com/personal/23221449_student_uwa_edu_au/Documents/CITS1501%20Project/Species%20data/Species%20Photos/Eremophila%20drummondii.jpg
w55,Eremophila glabra,Tar Bush,wildflower,y,y,y,y,n,y,y,y,y,y,n,y,Highly floriferous prostrate groundcover to 30cm x 1m. Tubular yellow flowers Oct-Jun.,https://uniwa-my.sharepoint.com/personal/23221449_student_uwa_edu_au/Documents/CITS1501%20Project/Species%20data/Species%20Photos/Eremophila%20glabra.jpg
w56,Eremophila racemosa,Showy Eremophila,wildflower,n,n,y,n,n,n,y,n,n,n,y,y,"Attractive upright shrub to 1.5m. Purple, pink, red flowers Aug-Dec.",https://uniwa-my.sharepoint.com/personal/23221449_student_uwa_edu_au/Documents/CITS1501%20Project/Species%20data/Species%20Photos/Eremophila%20racemosa.jpg
w57,Eremophila subfloccosa subsp. subfloccosa,,wildflower,n,n,y,n,n,n,n,n,n,y,y,n,"Fluffy, low spreading shrub to 80cm. Snake-like green flowers with red stamens Jul-Sep.",https://uniwa-my.sharepoint.com/personal/23221449_student_uwa_edu_au/Documents/CITS1501%20Project/Species%20data/Species%20Photos/Eremophila%20subfloccosa%20subsp.%20subfloccosa.jpg
w58,Eucalyptus erythrocorys,Red-capped Gum,wildflower,y,y,n,y,n,n,n,y,y,n,n,n,Highly ornamental tree to 8m. Beautiful red-capped buds into striking yellow flowers Feb-Apr.,https://uniwa-my.sharepoint.com/personal/23221449_student_uwa_edu_au/Documents/CITS1501%20Project/Species%20data/Species%20Photos/Eucalyptus%20erythrocorys.jpg
w59,Eucalyptus macrandra,Flowering Marlock,wildflower,n,y,y,y,n,y,y,y,y,n,y,y,Beautiful mallee or tree to 8m. Abundant yellow flowers Aug-Apr.,https://uniwa-my.sharepoint.com/personal/23221449_student_uwa_edu_au/Documents/CITS1501%20Project/Species%20data/Species%20Photos/Eucalyptus%20macrandra.jpg
w60,Eucalyptus macrocarpa subsp. elachantha,Small-leaved Mottlecah,wildflower,y,n,n,n,n,n,y,n,n,n,y,y,Spreading mallee with grey foliage to 2m. Stunning cerise red flowers Aug-Dec.,https://uniwa-my.sharepoint.com/personal/23221449_student_uwa_edu_au/Documents/CITS1501%20Project/Species%20data/Species%20Photos/Eucalyptus%20macrocarpa%20subsp.%20elachantha.jpg
w61,Eucalyptus pleurocarpa,Tallerack,wildflower,y,n,y,n,n,y,y,y,y,n,n,y,Spreading mallee with striking blue foliage to 4m. Pretty cream flowers with silver buds Oct-Apr.,https://uniwa-my.sharepoint.com/personal/23221449_student_uwa_edu_au/Documents/CITS1501%20Project/Species%20data/Species%20Photos/Eucalyptus%20pleurocarpa.jpg
w62,Eucalyptus tenera,Sand Mallee,wildflower,y,n,y,n,n,y,y,y,n,n,y,y,Graceful spreading mallee to 2-3m with smooth copper-brown bark. Stunning yellow flowers Sep-Mar.,https://uniwa-my.sharepoint.com/personal/23221449_student_uwa_edu_au/Documents/CITS1501%20Project/Species%20data/Species%20Photos/Eucalyptus%20tenera.jpg
w63,Eucalyptus torquata,Coral Gum,wildflower,n,y,y,n,n,n,y,n,n,n,y,y,Highly decorative small compact tree to 4-6m+. A spectacular show of salmon-pink flowers Aug-Dec.,https://uniwa-my.sharepoint.com/personal/23221449_student_uwa_edu_au/Documents/CITS1501%20Project/Species%20data/Species%20Photos/Eucalyptus%20torquata.jpg
w64,Eutaxia myrtifolia,,wildflower,n,n,n,n,y,y,y,n,n,y,y,y,Attractive low shrub to 2m. Pretty yellow/red bacon and egg pea flowers Jul-Dec.,https://uniwa-my.sharepoint.com/personal/23221449_student_uwa_edu_au/Documents/CITS1501%20Project/Species%20data/Species%20Photos/Eutaxia%20myrtifolia.jpg
w65,Frankenia pauciflora,Southern Sea Heath,wildflower,y,y,y,y,y,n,y,y,n,y,y,y,Prostrate to ascending shrub to 50cm. Pretty white flowers Jun-Feb.,https://uniwa-my.sharepoint.com/personal/23221449_student_uwa_edu_au/Documents/CITS1501%20Project/Species%20data/Species%20Photos/Frankenia%20pauciflora.jpg
w66,Gastrolobium calycinum,York Road Poison,wildflower,y,y,y,y,n,y,n,n,y,y,y,n,Erect compact shrub to 1.5m. Orange yellow pea flowers May-Sept.,https://uniwa-my.sharepoint.com/personal/23221449_student_uwa_edu_au/Documents/CITS1501%20Project/Species%20data/Species%20Photos/Gastrolobium%20calycinum.jpg
w67,Gastrolobium ebracteolatum,,wildflower,y,y,y,y,y,y,y,n,n,n,n,y,Slender erect shrub to 2-4m. Bright yellow/red pea flowers Oct-Dec.,https://uniwa-my.sharepoint.com/personal/23221449_student_uwa_edu_au/Documents/CITS1501%20Project/Species%20data/Species%20Photos/Gastrolobium%20ebracteolatum.jpg
w68,Gastrolobium melanopetalum,,wildflower,n,n,n,n,y,y,n,n,n,n,y,y,Ascending to erect shrub to 3m. Unique black flowers Sep-Oct.,https://uniwa-my.sharepoint.com/personal/23221449_student_uwa_edu_au/Documents/CITS1501%20Project/Species%20data/Species%20Photos/Gastrolobium%20melanopetalum.jpg
w69,Gompholobium aristatum,,wildflower,y,y,n,y,n,n,y,n,n,n,y,y,Erect shrub to 80cm. Attractive bright yellow pea flowers Sep-Dec.,https://uniwa-my.sharepoint.com/personal/23221449_student_uwa_edu_au/Documents/CITS1501%20Project/Species%20data/Species%20Photos/Gompholobium%20aristatum.jpg
w70,Grevillea concinna subsp. lemanniana,Red Combs Grevillea,wildflower,n,n,n,n,n,y,y,n,y,y,y,y,"Attractive dense, spreading shrub to about 0.5-1.5m x 1-1.5m wide. Profuse toothbrush-shaped flowers are lemonish green becoming orange-brown, with bright red styles. Flowers mostly May - Dec",https://uniwa-my.sharepoint.com/personal/23221449_student_uwa_edu_au/Documents/CITS1501%20Project/Species%20data/Species%20Photos/Grevillea%20concinna%20subsp.%20lehmanniana.jpg
w71,Grevillea crithmifolia,,wildflower,y,y,n,y,n,n,n,n,n,y,y,y,Dense spreading shrub to 0.6m. Abundant white flowers Jun-Nov.,https://uniwa-my.sharepoint.com/personal/23221449_student_uwa_edu_au/Documents/CITS1501%20Project/Species%20data/Species%20Photos/Grevillea%20crithmifolia.jpg
w72,Grevillea obtusifolia,,wildflower,y,y,n,y,n,n,n,n,n,n,y,y,Widely spreading dense shrub to 50cm x 2m. Delicate red/pink flowers Aug-Nov.,https://uniwa-my.sharepoint.com/personal/23221449_student_uwa_edu_au/Documents/CITS1501%20Project/Species%20data/Species%20Photos/Grevillea%20obtusifolia.jpg
w73,Grevillea preissii,Spider Net Grevillea,wildflower,y,y,n,y,n,n,n,n,y,y,y,y,Appealing upright shrub with green foliage to 1.5m. Profuse dainty red toothbrush-like flowers May-Oct.,https://uniwa-my.sharepoint.com/personal/23221449_student_uwa_edu_au/Documents/CITS1501%20Project/Species%20data/Species%20Photos/Grevillea%20preissii.jpg
w74,Guichenotia macrantha,Large-flowered Guichenotia,wildflower,y,y,y,y,n,n,n,n,y,y,y,n,Attractive shrub to 1.2m. Purple/pink flowers May-Sep.,https://uniwa-my.sharepoint.com/personal/23221449_student_uwa_edu_au/Documents/CITS1501%20Project/Species%20data/Species%20Photos/Guichenotia%20macrantha.jpg
w75,Hakea recurva subsp. recurva,,wildflower,y,n,y,n,n,n,n,n,n,y,y,n,"Tall, spikey shrub or tree to 6m. Clusters of cream-white to yellow flowers Jun-Sep.",https://uniwa-my.sharepoint.com/personal/23221449_student_uwa_edu_au/Documents/CITS1501%20Project/Species%20data/Species%20Photos/Hakea%20recurva%20subsp.%20recurva.jpg
w76,Hibbertia cunninghamii,,wildflower,n,y,n,y,y,y,y,n,n,n,y,y,Sprawling shrub to 70cm. Large golden-yellow flowers Aug-Dec.,https://uniwa-my.sharepoint.com/personal/23221449_student_uwa_edu_au/Documents/CITS1501%20Project/Species%20data/Species%20Photos/Hibbertia%20cunninghamii.jpg
w77,Hibbertia grossulariifolia,Gooseberry-leaved Hibbertia,wildflower,n,n,n,n,y,y,y,n,n,n,y,y,Gooseberry-leaved guinea flowered groundcover to 15cm x 1.2m.,https://uniwa-my.sharepoint.com/personal/23221449_student_uwa_edu_au/Documents/CITS1501%20Project/Species%20data/Species%20Photos/Hibbertia%20grossulariifolia.jpg
w78,Hibbertia racemosa,Stalked Guinea Flower,wildflower,y,y,n,y,y,y,y,n,n,y,y,y,Spreading shrub to 75cm. Golden-yellow flowers Jul-Dec.,https://uniwa-my.sharepoint.com/personal/23221449_student_uwa_edu_au/Documents/CITS1501%20Project/Species%20data/Species%20Photos/Hibbertia%20racemosa.jpg
w79,Hibbertia stellaris,Guinea Flower,wildflower,y,y,n,y,y,y,y,n,n,n,y,y,"Small shrub usually less than 0.5m high.Profuse yellow to orange, star-shaped flowers occur Aug - Dec.",https://uniwa-my.sharepoint.com/personal/23221449_student_uwa_edu_au/Documents/CITS1501%20Project/Species%20data/Species%20Photos/Hibbertia%20stellaris.jpg
w80,Hibbertia subvaginata,,wildflower,y,y,y,y,y,y,y,n,n,y,y,y,Compact spreading shrub to 75cm. Blue-green leaves gives an interesting foliage contrast. Yellow flowers Jul-Dec.,https://uniwa-my.sharepoint.com/personal/23221449_student_uwa_edu_au/Documents/CITS1501%20Project/Species%20data/Species%20Photos/Hibbertia%20subvaginata.jpg
w81,Hypocalymma balbakiae,White Myrtle,wildflower,y,y,y,y,y,y,n,n,n,n,y,y,Attractive small shrub to 1.3m. Abundant creamy white or pink flowers Aug-Nov.,https://uniwa-my.sharepoint.com/personal/23221449_student_uwa_edu_au/Documents/CITS1501%20Project/Species%20data/Species%20Photos/Hypocalymma%20balbakiae.jpg
w82,Hypocalymma elongatum,,wildflower,n,n,n,n,n,y,y,n,n,n,n,y,Showy small shrub to 1m. Sprays of pinkish white flowers Nov-Jan.,https://uniwa-my.sharepoint.com/personal/23221449_student_uwa_edu_au/Documents/CITS1501%20Project/Species%20data/Species%20Photos/Hypocalymma%20elongatum.jpg
w83,Hypocalymma tetrapterum,Papillose Myrtle,wildflower,y,n,n,n,n,n,n,n,n,y,y,n,Attractive rounded shrub to 40cm. Lacy white flowers Jun-Aug.,https://uniwa-my.sharepoint.com/personal/23221449_student_uwa_edu_au/Documents/CITS1501%20Project/Species%20data/Species%20Photos/Hypocalymma%20tetrapterum.jpg
w84,Kennedia prostrata,Running Postman,wildflower,y,y,y,y,y,y,n,n,y,y,y,y,Colourful prostrate groundcover to 15cm x 3m. Red pea flowers Apr-Nov.,https://uniwa-my.sharepoint.com/personal/23221449_student_uwa_edu_au/Documents/CITS1501%20Project/Species%20data/Species%20Photos/Kennedia%20prostrata.jpg
w85,Lechenaultia biloba,Blue Lechenaultia,wildflower,y,y,y,y,y,y,y,n,n,y,y,y,Upright small shrub to 50cm. Stunning dark blue flowers Jul-Dec.,https://uniwa-my.sharepoint.com/personal/23221449_student_uwa_edu_au/Documents/CITS1501%20Project/Species%20data/Species%20Photos/Lechenaultia%20biloba.jpg
w86,Lechenaultia formosa,Red Lechenaultia,wildflower,y,y,y,y,y,y,n,n,y,y,y,y,Spectacular upright shrub to 40cm. Stunning red flowers May-Nov.,https://uniwa-my.sharepoint.com/personal/23221449_student_uwa_edu_au/Documents/CITS1501%20Project/Species%20data/Species%20Photos/Lechenaultia%20formosa.jpg
w87,Lechenaultia heteromera,Claw Lechenaultia,wildflower,n,n,n,n,n,y,y,n,n,n,y,y,Erect ascending shrub to 80cm. Striking blue flowers Aug-Dec.,https://uniwa-my.sharepoint.com/personal/23221449_student_uwa_edu_au/Documents/CITS1501%20Project/Species%20data/Species%20Photos/Lechenaultia%20heteromera.jpg
w88,Lechenaultia macrantha,Wreath Lechenaultia,wildflower,y,n,n,n,n,n,n,n,n,n,y,y,"Low, spreading herb or subshrub to about 15cm x 1m. Large flowers are deep pink to red with yellow or white centres Aug - nov.",https://uniwa-my.sharepoint.com/personal/23221449_student_uwa_edu_au/Documents/CITS1501%20Project/Species%20data/Species%20Photos/Lechenaultia%20macrantha.jpg
w89,Leucophyta brownii,Coast Cousin Bush,wildflower,y,y,n,y,y,y,y,y,n,n,n,n,Attractive silver/white foliaged rounded shrub to 50cm. Tiny yellow flowers Dec-Feb.,https://uniwa-my.sharepoint.com/personal/23221449_student_uwa_edu_au/Documents/CITS1501%20Project/Species%20data/Species%20Photos/Leucophyta%20brownii.jpg
w90,Marianthus paralius,,wildflower,y,n,n,n,n,n,n,n,n,n,y,y,Colourful leafy prostrate shrub or climber spreading to 20cm x 2m. Bright orange/red flowers Sep-Nov.,https://uniwa-my.sharepoint.com/personal/23221449_student_uwa_edu_au/Documents/CITS1501%20Project/Species%20data/Species%20Photos/Marianthus%20paralius.jpg
w91,Melaleuca adnata,Swamp Paperbark,wildflower,y,n,y,n,n,y,y,y,n,n,n,y,Erect to spreading shrub to 5m. Prolific terminal creamy white flowers Oct-Feb.,https://uniwa-my.sharepoint.com/personal/23221449_student_uwa_edu_au/Documents/CITS1501%20Project/Species%20data/Species%20Photos/Melaleuca%20adnata.jpg
w92,Melaleuca cardiophylla,Tangling Maleleuca,wildflower,y,y,n,n,n,n,y,n,n,n,y,y,Rounded spreading shrub to 1.5m x 2m with tangled branches. Profuse white flowers Aug-Dec.,https://uniwa-my.sharepoint.com/personal/23221449_student_uwa_edu_au/Documents/CITS1501%20Project/Species%20data/Species%20Photos/Melaleuca%20cardiophylla.jpg
w93,Melaleuca conothamnoides,,wildflower,y,n,y,n,n,n,n,n,y,y,y,y,Low compact shrub to 1m. Spectacular purple/pink flowers Apr-Nov.,https://uniwa-my.sharepoint.com/personal/23221449_student_uwa_edu_au/Documents/CITS1501%20Project/Species%20data/Species%20Photos/Melaleuca%20conothamnoides.jpg
w94,Melaleuca diosmifolia,Green Honey-myrtle,wildflower,n,n,n,n,n,y,n,n,n,n,y,y,Erect open shrub to 3m. Beautiful green bottlebrush flowers with yellow tips Sep-Oct.,https://uniwa-my.sharepoint.com/personal/23221449_student_uwa_edu_au/Documents/CITS1501%20Project/Species%20data/Species%20Photos/Melaleuca%20diosmifolia.jpg
w95,Melaleuca eleuterostachya,Hummock Honey-myrtle,wildflower,y,n,y,n,n,y,y,n,n,y,y,y,"Erect, open shrub or tree to 3m. Attractive cream flowers Jul-Jan.",https://uniwa-my.sharepoint.com/personal/23221449_student_uwa_edu_au/Documents/CITS1501%20Project/Species%20data/Species%20Photos/Melaleuca%20eleuterostachya.jpg
w96,Melaleuca elliptica,,wildflower,n,n,y,n,n,y,y,n,n,n,y,y,Attractive open shrub to 2-3m. Large red flowers Sep-Jan.,https://uniwa-my.sharepoint.com/personal/23221449_student_uwa_edu_au/Documents/CITS1501%20Project/Species%20data/Species%20Photos/Melaleuca%20elliptica.jpg
w97,Melaleuca hamulosa,,wildflower,y,y,y,y,n,y,y,n,n,n,y,y,Erect shrub or tree 1-6m. Gorgeous white-pink bottlebrush-like flowers Sep-Jan.,https://uniwa-my.sharepoint.com/personal/23221449_student_uwa_edu_au/Documents/CITS1501%20Project/Species%20data/Species%20Photos/Melaleuca%20hamulosa.jpg
w98,Melaleuca longistaminea,,wildflower,y,n,n,n,n,n,n,n,n,n,y,y,Prostrate prickly groundcover to 30cm x 1m wide. Prolific perfumed cream flowers Aug-Oct.,https://uniwa-my.sharepoint.com/personal/23221449_student_uwa_edu_au/Documents/CITS1501%20Project/Species%20data/Species%20Photos/Melaleuca%20longistaminea.jpg
w99,Melaleuca macronychia subsp. macronychia,,wildflower,n,n,y,n,n,n,y,n,n,n,y,y,Striking multi-stemmed weeping shrub to 3m. Large scarlet red bottle-brush like flowers Sep-Dec.,https://uniwa-my.sharepoint.com/personal/23221449_student_uwa_edu_au/Documents/CITS1501%20Project/Species%20data/Species%20Photos/Melaleuca%20macronychia%20subsp.%20macronychia.jpg
w100,Melaleuca parviceps,,wildflower,y,y,n,y,y,n,y,n,n,n,n,n,Small spreading shrub to 90cm. Pretty pink flowers Dec.,https://uniwa-my.sharepoint.com/personal/23221449_student_uwa_edu_au/Documents/CITS1501%20Project/Species%20data/Species%20Photos/Melaleuca%20parviceps.jpg
w101,Melaleuca pauperiflora subsp. fastigiata,,wildflower,n,n,y,n,n,y,n,n,n,n,y,y,Small tree or bushy shrub to 6m. Striking white-cream flowers with golden anthers Sep-Nov.,https://uniwa-my.sharepoint.com/personal/23221449_student_uwa_edu_au/Documents/CITS1501%20Project/Species%20data/Species%20Photos/Melaleuca%20pauperiflora%20subsp.%20fastigiata.jpg
w102,Melaleuca suberosa,,wildflower,n,n,n,n,n,y,y,n,n,n,y,y,Sprawling shrub to 1m. Masses of dark pink/purple flowers Aug-Dec.,https://uniwa-my.sharepoint.com/personal/23221449_student_uwa_edu_au/Documents/CITS1501%20Project/Species%20data/Species%20Photos/Melaleuca%20suberosa.jpg
w103,Melaleuca systena,Coastal Honey-myrtle,wildflower,y,y,n,y,y,y,y,y,n,n,y,y,Soft dense shrub to 0.5m. Large yellow-cream pompom flowers Aug-Mar.,https://uniwa-my.sharepoint.com/personal/23221449_student_uwa_edu_au/Documents/CITS1501%20Project/Species%20data/Species%20Photos/Melaleuca%20systena.jpg
w104,Melaleuca teretifolia,Banbar,wildflower,y,y,n,y,n,n,y,n,n,n,y,y,Floriferous erect shrub or small tree to 5m. Long spikes of cream flowers Sep-Dec.,https://uniwa-my.sharepoint.com/personal/23221449_student_uwa_edu_au/Documents/CITS1501%20Project/Species%20data/Species%20Photos/Melaleuca%20teretifolia.jpg
w105,Melaleuca viminea subsp. viminea,Weeping Honey-myrtle,wildflower,y,y,y,y,y,y,n,n,n,y,y,y,"Wiry, erect shrub or tree 1-5m. Gorgeous white bottlebrush-like flowers Jul-Nov.",https://uniwa-my.sharepoint.com/personal/23221449_student_uwa_edu_au/Documents/CITS1501%20Project/Species%20data/Species%20Photos/Melaleuca%20viminea%20subsp.%20viminea.jpg
w106,Melaleuca violacea,,wildflower,n,n,n,n,n,y,n,n,n,y,y,y,Colourful groundcover to 10cm x 1m with blue-grey foliage. Masses of purple flowers Jul-Nov.,https://uniwa-my.sharepoint.com/personal/23221449_student_uwa_edu_au/Documents/CITS1501%20Project/Species%20data/Species%20Photos/Melaleuca%20violacea.jpg
w107,Nematolepis phebalioides,,wildflower,n,n,y,n,n,y,y,y,y,y,y,y,Attractive erect shrub with glossy foliage to 80cm. Tubular red flowers with green tips Mar-Dec.,https://uniwa-my.sharepoint.com/personal/23221449_student_uwa_edu_au/Documents/CITS1501%20Project/Species%20data/Species%20Photos/Nematolepis%20phebalioides.jpg
w108,Olearia axillaris,Coast Daisy-bush,wildflower,y,y,n,y,y,y,n,y,y,y,n,n,Dense erect shrub to 3m. White-yellow flowers Mar-Jul.,https://uniwa-my.sharepoint.com/personal/23221449_student_uwa_edu_au/Documents/CITS1501%20Project/Species%20data/Species%20Photos/Olearia%20axillaris.jpg
w109,Orthrosanthus laxus var. laxus,Morning Iris,wildflower,y,y,y,y,y,y,n,n,n,n,y,y,Colourful tufted clumping perennial to 60cm. Blue flowers Aug-Nov.,https://uniwa-my.sharepoint.com/personal/23221449_student_uwa_edu_au/Documents/CITS1501%20Project/Species%20data/Species%20Photos/Orthrosanthus%20laxus%20var.%20laxus.jpg
w110,Orthrosanthus polystachyus,Many Spike Orthrosanthus,wildflower,n,n,n,n,y,y,y,n,n,n,n,y,Highly floriferous clumping perennial to 1m. Rich blue flowers Oct-Dec.,https://uniwa-my.sharepoint.com/personal/23221449_student_uwa_edu_au/Documents/CITS1501%20Project/Species%20data/Species%20Photos/Orthrosanthus%20polystachyus.jpg
w111,Pelargonium drummondii,Austral Stork's-bill,wildflower,n,n,n,n,y,y,n,n,n,n,y,y,Delightful perennial herb to 40cm. Pink/white flowers Sep-Nov.,https://uniwa-my.sharepoint.com/personal/23221449_student_uwa_edu_au/Documents/CITS1501%20Project/Species%20data/Species%20Photos/Pelargonium%20drummondii.jpg
w112,Phymatocarpus maxwellii,,wildflower,n,n,n,n,n,y,n,n,n,n,y,y,Showy upright shrub to 1.5m. Pompom purple flowers Aug-Nov.,https://uniwa-my.sharepoint.com/personal/23221449_student_uwa_edu_au/Documents/CITS1501%20Project/Species%20data/Species%20Photos/Phymatocarpus%20maxwellii.jpg
w113,Pimelea brachyphylla,,wildflower,n,n,y,n,n,y,n,n,n,y,y,y,Erect to spreading shrub to 1m. Dainty white terminal flower heads Jun-Oct.,https://uniwa-my.sharepoint.com/personal/23221449_student_uwa_edu_au/Documents/CITS1501%20Project/Species%20data/Species%20Photos/Pimelea%20brachyphylla.jpg
w114,Pimelea ferruginea,Pink Rice-flower,wildflower,y,y,n,y,y,y,n,n,n,n,y,y,Striking colourful shrub to 1m. Masses of pink flowers Sep-Nov.,https://uniwa-my.sharepoint.com/personal/23221449_student_uwa_edu_au/Documents/CITS1501%20Project/Species%20data/Species%20Photos/Pimelea%20ferruginea.jpg
w115,Prostanthera baxteri,,wildflower,n,n,n,n,n,y,n,n,n,n,y,y,Attractive erect shrub to 1.5m. Pretty white flowers with spotted throat and contrasting calyx Aug-Nov.,https://uniwa-my.sharepoint.com/personal/23221449_student_uwa_edu_au/Documents/CITS1501%20Project/Species%20data/Species%20Photos/Prostanthera%20baxteri.jpg
w116,Prostanthera serpyllifolia subsp. microphylla,Small-leaved Mint-bush,wildflower,n,n,y,n,n,y,y,n,y,y,y,y,Spreading or erect shrub to 60cm. Masses of red-pink tubular flowers Apr-Dec.,https://uniwa-my.sharepoint.com/personal/23221449_student_uwa_edu_au/Documents/CITS1501%20Project/Species%20data/Species%20Photos/Prostanthera%20serpyllifolia%20subsp.%20microphylla.jpg
w117,Regelia ciliata,,wildflower,y,y,y,y,y,y,y,y,n,n,n,y,Dense ornamental shrub to 1.5m. Deep pink flowers Nov-Feb.,https://uniwa-my.sharepoint.com/personal/23221449_student_uwa_edu_au/Documents/CITS1501%20Project/Species%20data/Species%20Photos/Regelia%20ciliata.jpg
w118,Rhagodia baccata,Berry Saltbush,wildflower,y,y,n,y,y,y,n,y,y,y,n,n,Spreading shrub to 1m x 2m. Tiny flowers followed by masses of red berries Mar-Jun.,https://uniwa-my.sharepoint.com/personal/23221449_student_uwa_edu_au/Documents/CITS1501%20Project/Species%20data/Species%20Photos/Rhagodia%20baccata.jpg
w119,Rhodanthe citrina,Pale Everlasting,wildflower,y,y,y,y,y,y,y,n,n,n,y,y,Everlasting erect annual herb to 30cm. Paper daisy yellow flowers Aug-Dec.,https://uniwa-my.sharepoint.com/personal/23221449_student_uwa_edu_au/Documents/CITS1501%20Project/Species%20data/Species%20Photos/Rhodanthe%20citrina.jpg
w120,Rhodanthe chlorocephala,White Everlasting,wildflower,y,y,y,n,n,n,n,n,n,y,y,y,"Annual herb forming erect, branching stems about 5-50cm tall. White daisy-like flower heads range with yellow or dark centres Jun - Nov",https://uniwa-my.sharepoint.com/personal/23221449_student_uwa_edu_au/Documents/CITS1501%20Project/Species%20data/Species%20Photos/Rhodanthe%20chlorocephala.jpg
w121,Rhodanthe chlorocephala subsp. Rosea,Pink Everlasting,wildflower,y,y,y,n,n,n,n,n,n,y,y,y,Erect annual herb to about 20-60cm tall. Daisy-like flower heads ranging from deep pink to pale pink around yellow or dark centres. Flowers Jun - Nov.,https://uniwa-my.sharepoint.com/personal/23221449_student_uwa_edu_au/Documents/CITS1501%20Project/Species%20data/Species%20Photos/Rhodanthe%20chlorocephala%20subsp.%20rosea.jpg
w122,Scaevola thesioides subsp. thesioides,,wildflower,y,y,n,y,n,n,y,y,n,n,y,y,Open spreading shrub to 50cm. Blue flowers Aug-Mar.,https://uniwa-my.sharepoint.com/personal/23221449_student_uwa_edu_au/Documents/CITS1501%20Project/Species%20data/Species%20Photos/Scaevola%20thesioides%20subsp.%20thesioides.jpg
w123,Scholtzia laxiflora,,wildflower,y,y,n,n,n,n,n,n,n,n,y,y,Upright graceful shrub to 2m. Delicate white flowers Aug-Oct.,https://uniwa-my.sharepoint.com/personal/23221449_student_uwa_edu_au/Documents/CITS1501%20Project/Species%20data/Species%20Photos/Scholtzia%20laxiflora.jpg
w124,Scholtzia parviflora,,wildflower,y,n,n,n,n,n,n,n,n,n,y,y,Colourful spreading shrub to 1.5m. Stunning pink/mauve flowers Aug-Oct.,https://uniwa-my.sharepoint.com/personal/23221449_student_uwa_edu_au/Documents/CITS1501%20Project/Species%20data/Species%20Photos/Scholtzia%20parviflora.jpg
w125,Thomasia pauciflora,Few-flowered Thomasia,wildflower,n,n,n,y,y,y,y,n,n,y,y,y,Attractive slender shrub to 0.5m. Clusters of pink/purple flowers Jul-Jan.,https://uniwa-my.sharepoint.com/personal/23221449_student_uwa_edu_au/Documents/CITS1501%20Project/Species%20data/Species%20Photos/Thomasia%20pauciflora.jpg
w126,Thryptomene baeckeacea,,wildflower,y,n,n,n,n,n,n,n,n,y,y,n,Floriferous groundcover to 10cm x 1m. Masses of pink flowers Jun-Aug.,https://uniwa-my.sharepoint.com/personal/23221449_student_uwa_edu_au/Documents/CITS1501%20Project/Species%20data/Species%20Photos/Thryptomene%20baeckeacea.jpg
w127,Thryptomene hyporhytis,,wildflower,y,n,n,n,n,n,n,n,n,y,y,y,Dwarf spreading shrub to 60cm. Masses of pink flowers Jun-Oct.,https://uniwa-my.sharepoint.com/personal/23221449_student_uwa_edu_au/Documents/CITS1501%20Project/Species%20data/Species%20Photos/Thryptomene%20hyporhytis.jpg
w128,Verticordia chrysantha,Yellow Featherflower,wildflower,y,n,y,n,n,y,y,n,n,n,y,y,Upright shrub to 60cm x 60cm. Dazzling golden yellow flowers Sep-Dec.,https://uniwa-my.sharepoint.com/personal/23221449_student_uwa_edu_au/Documents/CITS1501%20Project/Species%20data/Species%20Photos/Verticordia%20chrysantha.jpg
w129,Verticordia halophila,Salt-loving Featherflower,wildflower,y,n,n,n,n,n,y,n,n,n,y,y,Bushy shrub to 60cm. Reddish pink flowers Sep-Dec.,https://uniwa-my.sharepoint.com/personal/23221449_student_uwa_edu_au/Documents/CITS1501%20Project/Species%20data/Species%20Photos/Verticordia%20halophila.jpg
w130,Verticordia plumosa var. plumosa,,wildflower,n,y,n,y,y,y,y,n,n,n,y,y,Erect shrub to 1m. Masses of scented pink flowers Aug-Dec.,https://uniwa-my.sharepoint.com/personal/23221449_student_uwa_edu_au/Documents/CITS1501%20Project/Species%20data/Species%20Photos/Verticordia%20plumosa%20var.%20plumosa.jpg
w131,Waitzia acuminata,Golden Everlasting,wildflower,y,y,y,y,n,y,n,n,n,n,y,y,Everlasting erect annual herb to 50cm. Yellow/red flower Aug-Oct.,https://uniwa-my.sharepoint.com/personal/23221449_student_uwa_edu_au/Documents/CITS1501%20Project/Species%20data/Species%20Photos/Waitzia%20acuminata.jpg
w132,Waitzia nitida,,wildflower,y,y,y,y,y,y,n,n,n,n,y,y,Everlasting erect annual herb to 50cm. Paper daisy yellow flowers Aug-Nov.,https://uniwa-my.sharepoint.com/personal/23221449_student_uwa_edu_au/Documents/CITS1501%20Project/Species%20data/Species%20Photos/Waitzia%20nitida.jpg
w133,Xanthosia candida,,wildflower,y,y,n,y,y,y,y,n,n,n,y,y,Prostrate sprawling herb to 50cm. White flowers in the shape of a cross Sep-Dec.,https://uniwa-my.sharepoint.com/personal/23221449_student_uwa_edu_au/Documents/CITS1501%20Project/Species%20data/Species%20Photos/Xanthosia%20candida.jpg
w134,Xerochrysum macranthum,,wildflower,y,y,y,y,y,y,y,y,n,n,y,y,Erect soft herb to 50cm. Bright white flowers Aug-Feb.,https://uniwa-my.sharepoint.com/personal/23221449_student_uwa_edu_au/Documents/CITS1501%20Project/Species%20data/Species%20Photos/Xerochrysum%20macranthum.jpg
w135,Caladenia macrostylis,Leaping Spider Orchid,wildflower,n,y,y,y,y,y,n,n,n,n,y,y,"Terrestrial perennial orchid with an underground tuber and a single erect, hairy leaf. Up to three pale greenish-yellow and red flowers are borne on a tall stalk, with distinctive dark centres. Flowers Aug - Nov.",https://uniwa-my.sharepoint.com/personal/23221449_student_uwa_edu_au/Documents/CITS1501%20Project/Species%20data/Species%20Photos/Caladenia%20macrostylis.jpg
w136,Caladenia hirta,Sugar Candy Orchid,wildflower,y,y,y,y,y,y,n,n,n,y,y,y,"Terrestrial perennial orchid with a single broad, hairy leaf and up to six white or pink and white flowers with pink markings and rows of calli on the labellum. Flowers Jun - Nov.",https://uniwa-my.sharepoint.com/personal/23221449_student_uwa_edu_au/Documents/CITS1501%20Project/Species%20data/Species%20Photos/Caladenia%20hirta.jpg
w137,Caladenia falcata,Fringed Mantis Orchid,wildflower,n,y,y,y,y,y,n,n,n,n,y,y,"Terrestrial perennial orchid with a single erect, hairy leaf. One or two large greenish-yellow flowers have prominent maroon markings. Flowers Sep - Oct.",https://uniwa-my.sharepoint.com/personal/23221449_student_uwa_edu_au/Documents/CITS1501%20Project/Species%20data/Species%20Photos/Caladenia%20falcata.jpg
w138,Drakaea thynniphila,Hammer Orchid,wildflower,n,n,n,n,y,y,n,n,n,n,y,y,"Terrestrial orchid with a single ground-hugging, heart-shaped leaf  and an underground tuber. A single flower with dark maroon, hairy labellum resembles a female thynnid wasp. Flowers Sep - Oct.",https://uniwa-my.sharepoint.com/personal/23221449_student_uwa_edu_au/Documents/CITS1501%20Project/Species%20data/Species%20Photos/Drakaea%20thynniphila.jpg
w139,Diuris corymbosa,Common Donkey Orchid,wildflower,y,y,y,y,y,y,n,n,n,n,y,y,"Tuberous perennial herb to about 20-40cm. Up to eight yellow flowers with purple and brown markings, with distinctive donkey-ear-like petals. Flowers Sep - Oct.",https://uniwa-my.sharepoint.com/personal/23221449_student_uwa_edu_au/Documents/CITS1501%20Project/Species%20data/Species%20Photos/Diuris%20corymbosa.jpg
w140,Stylidium breviscapum,Boomerang Triggerplant,wildflower,y,y,y,y,y,y,y,n,n,n,y,y,Creeping perennial herb forming compact clumps to about 15cm wide. White flowers with pinks markings. Flowers Aug - Dec.,https://uniwa-my.sharepoint.com/personal/23221449_student_uwa_edu_au/Documents/CITS1501%20Project/Species%20data/Species%20Photos/Stylidium%20breviscapum.jpg
w141,Nuytsia floribunda,West Australian Christmas Tree,wildflower,y,y,y,y,y,y,y,n,n,n,n,y,Semi-parasitic small tree or shrub to about 7-10m tall. Large terminal clusters carry numerous bright orange to golden-yellow flowers from Oct - Jan.,https://uniwa-my.sharepoint.com/personal/23221449_student_uwa_edu_au/Documents/CITS1501%20Project/Species%20data/Species%20Photos/Nuytsia%20floribunda.jpg
w142,Anigozanthos bicolor,Little Kangaroo Paw,wildflower,y,y,y,y,y,y,n,n,n,n,y,y,"Small clumping, rhizomatous perennial herb to about 0.3-0.6m tall, with strappy leaves. Green, yellow and red tubular flowers are borne on flowering stems. Flowers Aug - Oct.",https://uniwa-my.sharepoint.com/personal/23221449_student_uwa_edu_au/Documents/CITS1501%20Project/Species%20data/Species%20Photos/Anigozanthos%20bicolor.jpg
w143,Anigozanthos rufus,Red Kangaroo Paw,wildflower,y,y,n,y,y,y,y,n,n,n,y,y,Clump-forming evergreen perennial with strappy leaves and branched flowering stalks. Velvety tubular flowers ranging from deep red to purple or orange forms. Flowers Aug - Jan.,https://uniwa-my.sharepoint.com/personal/23221449_student_uwa_edu_au/Documents/CITS1501%20Project/Species%20data/Species%20Photos/Anigozanthos%20rufus.jpg
w144,Corymbia ficifolia,Red Flowering Gum,wildflower,y,y,n,y,y,y,y,y,y,n,n,n,"Small, straggly tree to about 10m tall. Large clusters of flowers range from brilliant red and crimson. Flowers Dec-May.",https://uniwa-my.sharepoint.com/personal/23221449_student_uwa_edu_au/Documents/CITS1501%20Project/Species%20data/Species%20Photos/Corymbia%20ficifolia.jpg
